card-id,name,faction,kind,tier,cost,ai-prompt
bucket,Bucket,universal,unit,1,1,"Card character: Bucket. Visual cue: Fallback unit. Unremarkable, dependable, unavoidable. neutral faction, pragmatic versatile mercenary aesthetic. simple, common, low-tier design, small and humble. stats 1/2. detailed fantasy trading-card-game illustration, portrait orientation, centered subject, dramatic cinematic lighting, rich saturated color, clean uncluttered background, collectible card art."
antlion-runner,Antlion Runner,antlion,unit,1,1,"Card character: Antlion Runner. Visual cue: Fast low-cost lane pressure. alien insectoid faction, grotesque chitinous scorpion-like creatures, bioluminescent amber accents, desert biome. simple, common, low-tier design, small and humble. stats 2/1. detailed fantasy trading-card-game illustration, portrait orientation, centered subject, dramatic cinematic lighting, rich saturated color, clean uncluttered background, collectible card art."
antlion-worker,Antlion Worker,antlion,unit,2,3,"Card character: Antlion Worker. Visual cue: Can spit acid at the opposing unit after surviving a turn. alien insectoid faction, grotesque chitinous scorpion-like creatures, bioluminescent amber accents, desert biome. mid-tier design, solid and functional. stats 2/4. detailed fantasy trading-card-game illustration, portrait orientation, centered subject, dramatic cinematic lighting, rich saturated color, clean uncluttered background, collectible card art."
antlion-guard,Antlion Guard,antlion,unit,3,5,"Card character: Antlion Guard. Visual cue: Heavy creature with a destructive charge. alien insectoid faction, grotesque chitinous scorpion-like creatures, bioluminescent amber accents, desert biome. majestic, epic, imposing, high-tier legendary design. stats 5/7. detailed fantasy trading-card-game illustration, portrait orientation, centered subject, dramatic cinematic lighting, rich saturated color, clean uncluttered background, collectible card art."
combine-metrocop,Metrocop,combine,unit,1,2,"Card character: Metrocop. Visual cue: Reliable Combine infantry. dystopian authoritarian sci-fi faction, mechanized dark-metal tactical soldiers, orange energy glow, corporate-military. simple, common, low-tier design, small and humble. stats 2/3. detailed fantasy trading-card-game illustration, portrait orientation, centered subject, dramatic cinematic lighting, rich saturated color, clean uncluttered background, collectible card art."
combine-soldier,Combine Soldier,combine,unit,2,4,"Card character: Combine Soldier. Visual cue: Can reinforce a friendly unit. dystopian authoritarian sci-fi faction, mechanized dark-metal tactical soldiers, orange energy glow, corporate-military. mid-tier design, solid and functional. stats 4/4. detailed fantasy trading-card-game illustration, portrait orientation, centered subject, dramatic cinematic lighting, rich saturated color, clean uncluttered background, collectible card art."
combine-elite,Combine Elite,combine,unit,3,6,"Card character: Combine Elite. Visual cue: Expensive finisher that can fire directly at the enemy hero. dystopian authoritarian sci-fi faction, mechanized dark-metal tactical soldiers, orange energy glow, corporate-military. majestic, epic, imposing, high-tier legendary design. stats 6/6. detailed fantasy trading-card-game illustration, portrait orientation, centered subject, dramatic cinematic lighting, rich saturated color, clean uncluttered background, collectible card art."
rebel-scout,Rebel Scout,rebel,unit,1,1,"Card character: Rebel Scout. Visual cue: Cheap rebel body. gritty human guerrilla faction, modern military fatigues, ragged bandanas, urban resistance fighters. simple, common, low-tier design, small and humble. stats 1/3. detailed fantasy trading-card-game illustration, portrait orientation, centered subject, dramatic cinematic lighting, rich saturated color, clean uncluttered background, collectible card art."
rebel-medic,Rebel Medic,rebel,unit,2,3,"Card character: Rebel Medic. Visual cue: Keeps friendly units alive. gritty human guerrilla faction, modern military fatigues, ragged bandanas, urban resistance fighters. mid-tier design, solid and functional. stats 2/4. detailed fantasy trading-card-game illustration, portrait orientation, centered subject, dramatic cinematic lighting, rich saturated color, clean uncluttered background, collectible card art."
rebel-veteran,Rebel Veteran,rebel,unit,3,5,"Card character: Rebel Veteran. Visual cue: Can rally an ally into a stronger threat. gritty human guerrilla faction, modern military fatigues, ragged bandanas, urban resistance fighters. majestic, epic, imposing, high-tier legendary design. stats 4/6. detailed fantasy trading-card-game illustration, portrait orientation, centered subject, dramatic cinematic lighting, rich saturated color, clean uncluttered background, collectible card art."
zombie-shambler,Shambler,zombie,unit,1,2,"Card character: Shambler. Visual cue: Slow but durable. undead plague faction, rotting putrefied zombies, tattered flesh, sickly green necrotic glow. simple, common, low-tier design, small and humble. stats 2/4. detailed fantasy trading-card-game illustration, portrait orientation, centered subject, dramatic cinematic lighting, rich saturated color, clean uncluttered background, collectible card art."
zombie-fast,Fast Zombie,zombie,unit,2,3,"Card character: Fast Zombie. Visual cue: Aggressive zombie that can mend itself. undead plague faction, rotting putrefied zombies, tattered flesh, sickly green necrotic glow. mid-tier design, solid and functional. stats 4/3. detailed fantasy trading-card-game illustration, portrait orientation, centered subject, dramatic cinematic lighting, rich saturated color, clean uncluttered background, collectible card art."
zombie-poison,Poison Zombie,zombie,unit,3,5,"Card character: Poison Zombie. Visual cue: A large source of persistent lane pressure. undead plague faction, rotting putrefied zombies, tattered flesh, sickly green necrotic glow. majestic, epic, imposing, high-tier legendary design. stats 4/8. detailed fantasy trading-card-game illustration, portrait orientation, centered subject, dramatic cinematic lighting, rich saturated color, clean uncluttered background, collectible card art."
universal-mercenary,Mercenary,universal,unit,2,3,"Card character: Mercenary. Visual cue: Universal unit that fits any lane. neutral faction, pragmatic versatile mercenary aesthetic. mid-tier design, solid and functional. stats 3/3. detailed fantasy trading-card-game illustration, portrait orientation, centered subject, dramatic cinematic lighting, rich saturated color, clean uncluttered background, collectible card art."
antlion-tinker,Antlion Tinker,antlion,unit,2,3,"Card character: Antlion Tinker. Visual cue: Spits volatile acid at the opposing unit after surviving a turn. alien insectoid faction, grotesque chitinous scorpion-like creatures, bioluminescent amber accents, desert biome. mid-tier design, solid and functional. stats 4/3. detailed fantasy trading-card-game illustration, portrait orientation, centered subject, dramatic cinematic lighting, rich saturated color, clean uncluttered background, collectible card art."
combine-laser,Combine Laser,combine,unit,3,5,"Card character: Combine Laser. Visual cue: Anchors an ally with a targeting laser that sharpens their weapons. dystopian authoritarian sci-fi faction, mechanized dark-metal tactical soldiers, orange energy glow, corporate-military. majestic, epic, imposing, high-tier legendary design. stats 3/5. detailed fantasy trading-card-game illustration, portrait orientation, centered subject, dramatic cinematic lighting, rich saturated color, clean uncluttered background, collectible card art."
rebel-commander,Rebel Commander,rebel,unit,3,5,"Card character: Rebel Commander. Visual cue: Leads the resistance and calls in reinforcements. gritty human guerrilla faction, modern military fatigues, ragged bandanas, urban resistance fighters. majestic, epic, imposing, high-tier legendary design. stats 3/5. detailed fantasy trading-card-game illustration, portrait orientation, centered subject, dramatic cinematic lighting, rich saturated color, clean uncluttered background, collectible card art."
zombie-bloater,Zombie Bloater,zombie,unit,2,3,"Card character: Zombie Bloater. Visual cue: A bloated horror that detonates on command, scorching the enemy hero. undead plague faction, rotting putrefied zombies, tattered flesh, sickly green necrotic glow. mid-tier design, solid and functional. stats 2/5. detailed fantasy trading-card-game illustration, portrait orientation, centered subject, dramatic cinematic lighting, rich saturated color, clean uncluttered background, collectible card art."
building-field-hospital,Field Hospital,rebel,building,2,3,"Defensive fortification for a card game. Visual cue: At the start of your turn, heal your unit in this lane by 1. gritty human guerrilla faction, modern military fatigues, ragged bandanas, urban resistance fighters. mid-tier design, solid and functional. detailed fantasy trading-card-game illustration, portrait orientation, centered single structure, dramatic cinematic lighting, rich color, clean uncluttered background, collectible card art."
building-ammo-cache,Ammo Cache,combine,building,2,3,"Defensive fortification for a card game. Visual cue: Your unit in this lane gets +1 attack while attacking. dystopian authoritarian sci-fi faction, mechanized dark-metal tactical soldiers, orange energy glow, corporate-military. mid-tier design, solid and functional. detailed fantasy trading-card-game illustration, portrait orientation, centered single structure, dramatic cinematic lighting, rich color, clean uncluttered background, collectible card art."
building-nest,Antlion Nest,antlion,building,2,2,"Defensive fortification for a card game. Visual cue: Your unit in this lane gets +1 attack while attacking. alien insectoid faction, grotesque chitinous scorpion-like creatures, bioluminescent amber accents, desert biome. mid-tier design, solid and functional. detailed fantasy trading-card-game illustration, portrait orientation, centered single structure, dramatic cinematic lighting, rich color, clean uncluttered background, collectible card art."
building-grave-mound,Grave Mound,zombie,building,2,2,"Defensive fortification for a card game. Visual cue: At the start of your turn, heal your unit in this lane by 1. undead plague faction, rotting putrefied zombies, tattered flesh, sickly green necrotic glow. mid-tier design, solid and functional. detailed fantasy trading-card-game illustration, portrait orientation, centered single structure, dramatic cinematic lighting, rich color, clean uncluttered background, collectible card art."
building-bunker,Bunker,universal,building,3,4,"Defensive fortification for a card game. Visual cue: Your unit in this lane gets +1 attack while attacking. neutral faction, pragmatic versatile mercenary aesthetic. majestic, epic, imposing, high-tier legendary design. detailed fantasy trading-card-game illustration, portrait orientation, centered single structure, dramatic cinematic lighting, rich color, clean uncluttered background, collectible card art."
power-strike,Focused Strike,universal,power,1,2,"Spell icon for a card game ability. Visual cue: Deal 3 damage to an enemy unit. neutral faction, pragmatic versatile mercenary aesthetic. simple, common, low-tier design, small and humble. detailed fantasy trading-card-game spell icon, single bold focal magical symbol, abstract no characters, dramatic lighting, rich color, clean uncluttered background, collectible card art."
power-rally,Rally Order,rebel,power,2,2,"Spell icon for a card game ability. Visual cue: Give a friendly unit +2 ATK and +2 HP. gritty human guerrilla faction, modern military fatigues, ragged bandanas, urban resistance fighters. mid-tier design, solid and functional. detailed fantasy trading-card-game spell icon, single bold focal magical symbol, abstract no characters, dramatic lighting, rich color, clean uncluttered background, collectible card art."
power-shelling,Shelling,combine,power,3,4,"Spell icon for a card game ability. Visual cue: Deal 4 damage directly to the enemy hero. dystopian authoritarian sci-fi faction, mechanized dark-metal tactical soldiers, orange energy glow, corporate-military. majestic, epic, imposing, high-tier legendary design. detailed fantasy trading-card-game spell icon, single bold focal magical symbol, abstract no characters, dramatic lighting, rich color, clean uncluttered background, collectible card art."
power-sabotage,Sabotage,universal,power,2,2,"Spell icon for a card game ability. Visual cue: Destroy an enemy building. neutral faction, pragmatic versatile mercenary aesthetic. mid-tier design, solid and functional. detailed fantasy trading-card-game spell icon, single bold focal magical symbol, abstract no characters, dramatic lighting, rich color, clean uncluttered background, collectible card art."
power-resupply,Resupply,universal,power,1,1,"Spell icon for a card game ability. Visual cue: Draw 2 cards. neutral faction, pragmatic versatile mercenary aesthetic. simple, common, low-tier design, small and humble. detailed fantasy trading-card-game spell icon, single bold focal magical symbol, abstract no characters, dramatic lighting, rich color, clean uncluttered background, collectible card art."
power-berserk,Berserk,universal,power,2,2,"Spell icon for a card game ability. Visual cue: Give a friendly unit +2 ATK and +0 HP. neutral faction, pragmatic versatile mercenary aesthetic. mid-tier design, solid and functional. detailed fantasy trading-card-game spell icon, single bold focal magical symbol, abstract no characters, dramatic lighting, rich color, clean uncluttered background, collectible card art."
power-venom,Venom Spray,universal,power,1,2,"Spell icon for a card game ability. Visual cue: Poison a unit: deal 2 damage at the start of each of its owner's next 2 turns. neutral faction, pragmatic versatile mercenary aesthetic. simple, common, low-tier design, small and humble. detailed fantasy trading-card-game spell icon, single bold focal magical symbol, abstract no characters, dramatic lighting, rich color, clean uncluttered background, collectible card art."
power-rot,Rot,zombie,power,1,2,"Spell icon for a card game ability. Visual cue: Rot a unit: deal 1 damage at the start of each of its owner's next 3 turns. undead plague faction, rotting putrefied zombies, tattered flesh, sickly green necrotic glow. simple, common, low-tier design, small and humble. detailed fantasy trading-card-game spell icon, single bold focal magical symbol, abstract no characters, dramatic lighting, rich color, clean uncluttered background, collectible card art."
power-scorch,Scorched Earth,universal,power,2,3,"Spell icon for a card game ability. Visual cue: Deal 2 damage to every unit in a lane — both sides. neutral faction, pragmatic versatile mercenary aesthetic. mid-tier design, solid and functional. detailed fantasy trading-card-game spell icon, single bold focal magical symbol, abstract no characters, dramatic lighting, rich color, clean uncluttered background, collectible card art."
power-mend,Emergency Medkit,universal,power,1,2,"Spell icon for a card game ability. Visual cue: Restore 3 HP to your hero (up to maximum). neutral faction, pragmatic versatile mercenary aesthetic. simple, common, low-tier design, small and humble. detailed fantasy trading-card-game spell icon, single bold focal magical symbol, abstract no characters, dramatic lighting, rich color, clean uncluttered background, collectible card art."
power-overcharge,Overcharge,combine,power,1,1,"Spell icon for a card game ability. Visual cue: Gain 2 mana (up to your maximum). dystopian authoritarian sci-fi faction, mechanized dark-metal tactical soldiers, orange energy glow, corporate-military. simple, common, low-tier design, small and humble. detailed fantasy trading-card-game spell icon, single bold focal magical symbol, abstract no characters, dramatic lighting, rich color, clean uncluttered background, collectible card art."
power-salvage,Salvage Run,universal,power,2,3,"Spell icon for a card game ability. Visual cue: Add a Mercenary to your hand (lost if your hand is full). neutral faction, pragmatic versatile mercenary aesthetic. mid-tier design, solid and functional. detailed fantasy trading-card-game spell icon, single bold focal magical symbol, abstract no characters, dramatic lighting, rich color, clean uncluttered background, collectible card art."
power-execution,Execution Protocol,combine,power,3,5,"Spell icon for a card game ability. Visual cue: Destroy an enemy unit. dystopian authoritarian sci-fi faction, mechanized dark-metal tactical soldiers, orange energy glow, corporate-military. majestic, epic, imposing, high-tier legendary design. detailed fantasy trading-card-game spell icon, single bold focal magical symbol, abstract no characters, dramatic lighting, rich color, clean uncluttered background, collectible card art."
power-wither,Wither Toxin,antlion,power,2,2,"Spell icon for a card game ability. Visual cue: Reduce an enemy unit's attack by 2 and deal 1 damage to it. alien insectoid faction, grotesque chitinous scorpion-like creatures, bioluminescent amber accents, desert biome. mid-tier design, solid and functional. detailed fantasy trading-card-game spell icon, single bold focal magical symbol, abstract no characters, dramatic lighting, rich color, clean uncluttered background, collectible card art."
antlion-spitter,Antlion Spitter,antlion,unit,3,4,"Card character: Antlion Spitter. Visual cue: Coats its prey in a venom that lingers. alien insectoid faction, grotesque chitinous scorpion-like creatures, bioluminescent amber accents, desert biome. majestic, epic, imposing, high-tier legendary design. stats 3/5. detailed fantasy trading-card-game illustration, portrait orientation, centered subject, dramatic cinematic lighting, rich saturated color, clean uncluttered background, collectible card art."
rebel-engineer,Rebel Engineer,rebel,unit,3,4,"Card character: Rebel Engineer. Visual cue: Keeps the resistance standing, hero included. gritty human guerrilla faction, modern military fatigues, ragged bandanas, urban resistance fighters. majestic, epic, imposing, high-tier legendary design. stats 3/4. detailed fantasy trading-card-game illustration, portrait orientation, centered subject, dramatic cinematic lighting, rich saturated color, clean uncluttered background, collectible card art."
combine-drone,Power Drone,combine,unit,2,3,"Card character: Power Drone. Visual cue: A buzzing relay that taps the Combine grid. dystopian authoritarian sci-fi faction, mechanized dark-metal tactical soldiers, orange energy glow, corporate-military. mid-tier design, solid and functional. stats 1/3. detailed fantasy trading-card-game illustration, portrait orientation, centered subject, dramatic cinematic lighting, rich saturated color, clean uncluttered background, collectible card art."
antlion-swarm,Bug Swarm,antlion,unit,1,2,"Card character: Bug Swarm. Visual cue: Cheap swarming pressure. alien insectoid faction, grotesque chitinous scorpion-like creatures, bioluminescent amber accents, desert biome. simple, common, low-tier design, small and humble. stats 3/2. detailed fantasy trading-card-game illustration, portrait orientation, centered subject, dramatic cinematic lighting, rich saturated color, clean uncluttered background, collectible card art."
antlion-hunter,Antlion Hunter,antlion,unit,2,3,"Card character: Antlion Hunter. Visual cue: Snaps its prey in half before it lands. alien insectoid faction, grotesque chitinous scorpion-like creatures, bioluminescent amber accents, desert biome. mid-tier design, solid and functional. stats 4/3. detailed fantasy trading-card-game illustration, portrait orientation, centered subject, dramatic cinematic lighting, rich saturated color, clean uncluttered background, collectible card art."
antlion-queen,Antlion Queen,antlion,unit,3,6,"Card character: Antlion Queen. Visual cue: Lays eggs that hatch into fresh swarms. alien insectoid faction, grotesque chitinous scorpion-like creatures, bioluminescent amber accents, desert biome. majestic, epic, imposing, high-tier legendary design. stats 4/8. detailed fantasy trading-card-game illustration, portrait orientation, centered subject, dramatic cinematic lighting, rich saturated color, clean uncluttered background, collectible card art."
building-larva-pool,Larva Pool,antlion,building,2,3,"Defensive fortification for a card game. Visual cue: At the start of your turn, heal your unit in this lane by 1. alien insectoid faction, grotesque chitinous scorpion-like creatures, bioluminescent amber accents, desert biome. mid-tier design, solid and functional. detailed fantasy trading-card-game illustration, portrait orientation, centered single structure, dramatic cinematic lighting, rich color, clean uncluttered background, collectible card art."
power-acid-rain,Acid Rain,antlion,power,2,4,"Spell icon for a card game ability. Visual cue: Deal 2 damage to every unit in a lane — both sides. alien insectoid faction, grotesque chitinous scorpion-like creatures, bioluminescent amber accents, desert biome. mid-tier design, solid and functional. detailed fantasy trading-card-game spell icon, single bold focal magical symbol, abstract no characters, dramatic lighting, rich color, clean uncluttered background, collectible card art."
combine-juggernaut,Combine Juggernaut,combine,unit,3,8,"Card character: Combine Juggernaut. Visual cue: An unstoppable armored finisher. dystopian authoritarian sci-fi faction, mechanized dark-metal tactical soldiers, orange energy glow, corporate-military. majestic, epic, imposing, high-tier legendary design. stats 7/9. detailed fantasy trading-card-game illustration, portrait orientation, centered subject, dramatic cinematic lighting, rich saturated color, clean uncluttered background, collectible card art."
building-power-substation,Power Substation,combine,building,2,4,"Defensive fortification for a card game. Visual cue: Your unit in this lane gets +2 attack while attacking. dystopian authoritarian sci-fi faction, mechanized dark-metal tactical soldiers, orange energy glow, corporate-military. mid-tier design, solid and functional. detailed fantasy trading-card-game illustration, portrait orientation, centered single structure, dramatic cinematic lighting, rich color, clean uncluttered background, collectible card art."
rebel-guerrilla,Guerrilla,rebel,unit,1,2,"Card character: Guerrilla. Visual cue: Cheap, stubborn lane pressure. gritty human guerrilla faction, modern military fatigues, ragged bandanas, urban resistance fighters. simple, common, low-tier design, small and humble. stats 2/3. detailed fantasy trading-card-game illustration, portrait orientation, centered subject, dramatic cinematic lighting, rich saturated color, clean uncluttered background, collectible card art."
rebel-ambusher,Ambusher,rebel,unit,2,4,"Card character: Ambusher. Visual cue: Strikes from the brush with a venomous blade. gritty human guerrilla faction, modern military fatigues, ragged bandanas, urban resistance fighters. mid-tier design, solid and functional. stats 4/3. detailed fantasy trading-card-game illustration, portrait orientation, centered subject, dramatic cinematic lighting, rich saturated color, clean uncluttered background, collectible card art."
building-supply-drop,Supply Drop,rebel,building,2,4,"Defensive fortification for a card game. Visual cue: At the start of your turn, heal your unit in this lane by 2. gritty human guerrilla faction, modern military fatigues, ragged bandanas, urban resistance fighters. mid-tier design, solid and functional. detailed fantasy trading-card-game illustration, portrait orientation, centered single structure, dramatic cinematic lighting, rich color, clean uncluttered background, collectible card art."
power-medic-convoy,Medic Convoy,rebel,power,2,3,"Spell icon for a card game ability. Visual cue: Restore 5 HP to your hero (up to maximum). gritty human guerrilla faction, modern military fatigues, ragged bandanas, urban resistance fighters. mid-tier design, solid and functional. detailed fantasy trading-card-game spell icon, single bold focal magical symbol, abstract no characters, dramatic lighting, rich color, clean uncluttered background, collectible card art."
power-landmine,Landmine,rebel,power,1,2,"Spell icon for a card game ability. Visual cue: Deal 3 damage to every unit in a lane — both sides. gritty human guerrilla faction, modern military fatigues, ragged bandanas, urban resistance fighters. simple, common, low-tier design, small and humble. detailed fantasy trading-card-game spell icon, single bold focal magical symbol, abstract no characters, dramatic lighting, rich color, clean uncluttered background, collectible card art."
zombie-ghoul,Ghoul,zombie,unit,1,3,"Card character: Ghoul. Visual cue: Hungry and relentless. undead plague faction, rotting putrefied zombies, tattered flesh, sickly green necrotic glow. simple, common, low-tier design, small and humble. stats 3/4. detailed fantasy trading-card-game illustration, portrait orientation, centered subject, dramatic cinematic lighting, rich saturated color, clean uncluttered background, collectible card art."
zombie-plague,Plague Bearer,zombie,unit,2,4,"Card character: Plague Bearer. Visual cue: Its breath spreads a festering infection. undead plague faction, rotting putrefied zombies, tattered flesh, sickly green necrotic glow. mid-tier design, solid and functional. stats 2/5. detailed fantasy trading-card-game illustration, portrait orientation, centered subject, dramatic cinematic lighting, rich saturated color, clean uncluttered background, collectible card art."
zombie-brute,Zombie Brute,zombie,unit,3,5,"Card character: Zombie Brute. Visual cue: A hulking mass of rotting muscle. undead plague faction, rotting putrefied zombies, tattered flesh, sickly green necrotic glow. majestic, epic, imposing, high-tier legendary design. stats 5/6. detailed fantasy trading-card-game illustration, portrait orientation, centered subject, dramatic cinematic lighting, rich saturated color, clean uncluttered background, collectible card art."
zombie-titan,Zombie Titan,zombie,unit,3,7,"Card character: Zombie Titan. Visual cue: A towering wall of the undead. undead plague faction, rotting putrefied zombies, tattered flesh, sickly green necrotic glow. majestic, epic, imposing, high-tier legendary design. stats 6/10. detailed fantasy trading-card-game illustration, portrait orientation, centered subject, dramatic cinematic lighting, rich saturated color, clean uncluttered background, collectible card art."
building-tomb,Tomb,zombie,building,2,4,"Defensive fortification for a card game. Visual cue: At the start of your turn, heal your unit in this lane by 2. undead plague faction, rotting putrefied zombies, tattered flesh, sickly green necrotic glow. mid-tier design, solid and functional. detailed fantasy trading-card-game illustration, portrait orientation, centered single structure, dramatic cinematic lighting, rich color, clean uncluttered background, collectible card art."
power-extermination,Extermination,zombie,power,3,6,"Spell icon for a card game ability. Visual cue: Destroy an enemy unit. undead plague faction, rotting putrefied zombies, tattered flesh, sickly green necrotic glow. majestic, epic, imposing, high-tier legendary design. detailed fantasy trading-card-game spell icon, single bold focal magical symbol, abstract no characters, dramatic lighting, rich color, clean uncluttered background, collectible card art."
universal-guard,Guard,universal,unit,1,2,"Card character: Guard. Visual cue: A sturdy wall for any lane. neutral faction, pragmatic versatile mercenary aesthetic. simple, common, low-tier design, small and humble. stats 1/4. detailed fantasy trading-card-game illustration, portrait orientation, centered subject, dramatic cinematic lighting, rich saturated color, clean uncluttered background, collectible card art."
power-overclock,Overclock,universal,power,2,2,"Spell icon for a card game ability. Visual cue: Gain 3 mana (up to your maximum). neutral faction, pragmatic versatile mercenary aesthetic. mid-tier design, solid and functional. detailed fantasy trading-card-game spell icon, single bold focal magical symbol, abstract no characters, dramatic lighting, rich color, clean uncluttered background, collectible card art."
guardian-sentinel,Guardian Sentinel,guardian,unit,1,1,"Card character: Guardian Sentinel. Visual cue: A patient wall of stone and light. holy guardian faction, radiant golden stone armor, warm divine light, serene paladins and shrines. simple, common, low-tier design, small and humble. stats 1/5. detailed fantasy trading-card-game illustration, portrait orientation, centered subject, dramatic cinematic lighting, rich saturated color, clean uncluttered background, collectible card art."
guardian-priest,Guardian Priest,guardian,unit,2,3,"Card character: Guardian Priest. Visual cue: Mends wounds with a steady, glowing hand. holy guardian faction, radiant golden stone armor, warm divine light, serene paladins and shrines. mid-tier design, solid and functional. stats 2/5. detailed fantasy trading-card-game illustration, portrait orientation, centered subject, dramatic cinematic lighting, rich saturated color, clean uncluttered background, collectible card art."
guardian-bulwark,Guardian Bulwark,guardian,unit,3,5,"Card character: Guardian Bulwark. Visual cue: An unbreakable rampart that hardens its allies. holy guardian faction, radiant golden stone armor, warm divine light, serene paladins and shrines. majestic, epic, imposing, high-tier legendary design. stats 2/7. detailed fantasy trading-card-game illustration, portrait orientation, centered subject, dramatic cinematic lighting, rich saturated color, clean uncluttered background, collectible card art."
building-sacred-shrine,Sacred Shrine,guardian,building,2,3,"Defensive fortification for a card game. Visual cue: At the start of your turn, heal your unit in this lane by 1. holy guardian faction, radiant golden stone armor, warm divine light, serene paladins and shrines. mid-tier design, solid and functional. detailed fantasy trading-card-game illustration, portrait orientation, centered single structure, dramatic cinematic lighting, rich color, clean uncluttered background, collectible card art."
power-sacred-light,Sacred Light,guardian,power,1,2,"Spell icon for a card game ability. Visual cue: Restore 3 HP to your hero (up to maximum). holy guardian faction, radiant golden stone armor, warm divine light, serene paladins and shrines. simple, common, low-tier design, small and humble. detailed fantasy trading-card-game spell icon, single bold focal magical symbol, abstract no characters, dramatic lighting, rich color, clean uncluttered background, collectible card art."
power-holy-shield,Holy Shield,guardian,power,2,3,"Spell icon for a card game ability. Visual cue: Give a friendly unit +0 ATK and +3 HP. holy guardian faction, radiant golden stone armor, warm divine light, serene paladins and shrines. mid-tier design, solid and functional. detailed fantasy trading-card-game spell icon, single bold focal magical symbol, abstract no characters, dramatic lighting, rich color, clean uncluttered background, collectible card art."
wraith-stalker,Wraith Stalker,wraith,unit,1,2,"Card character: Wraith Stalker. Visual cue: Strikes before it can be seen. spectral wraith faction, ghostly dark wisps, cold blue-green ethereal glow, menacing undead spirits. simple, common, low-tier design, small and humble. stats 4/1. detailed fantasy trading-card-game illustration, portrait orientation, centered subject, dramatic cinematic lighting, rich saturated color, clean uncluttered background, collectible card art."
wraith-reaper,Wraith Reaper,wraith,unit,2,3,"Card character: Wraith Reaper. Visual cue: Its touch withers flesh. spectral wraith faction, ghostly dark wisps, cold blue-green ethereal glow, menacing undead spirits. mid-tier design, solid and functional. stats 3/2. detailed fantasy trading-card-game illustration, portrait orientation, centered subject, dramatic cinematic lighting, rich saturated color, clean uncluttered background, collectible card art."
wraith-lord,Wraith Lord,wraith,unit,3,5,"Card character: Wraith Lord. Visual cue: A hollow crown that drinks the strength of the living. spectral wraith faction, ghostly dark wisps, cold blue-green ethereal glow, menacing undead spirits. majestic, epic, imposing, high-tier legendary design. stats 5/3. detailed fantasy trading-card-game illustration, portrait orientation, centered subject, dramatic cinematic lighting, rich saturated color, clean uncluttered background, collectible card art."
building-wraith-alter,Wraith Altar,wraith,building,2,3,"Defensive fortification for a card game. Visual cue: Your unit in this lane gets +1 attack while attacking. spectral wraith faction, ghostly dark wisps, cold blue-green ethereal glow, menacing undead spirits. mid-tier design, solid and functional. detailed fantasy trading-card-game illustration, portrait orientation, centered single structure, dramatic cinematic lighting, rich color, clean uncluttered background, collectible card art."
power-haunt,Haunt,wraith,power,1,2,"Spell icon for a card game ability. Visual cue: Haunt a unit: deal 2 damage at the start of each of its owner's next 2 turns. spectral wraith faction, ghostly dark wisps, cold blue-green ethereal glow, menacing undead spirits. simple, common, low-tier design, small and humble. detailed fantasy trading-card-game spell icon, single bold focal magical symbol, abstract no characters, dramatic lighting, rich color, clean uncluttered background, collectible card art."
power-soul-theft,Soul Theft,wraith,power,3,4,"Spell icon for a card game ability. Visual cue: Reduce an enemy unit's attack by 1, deal 2 damage to it, and restore 2 HP to your hero. spectral wraith faction, ghostly dark wisps, cold blue-green ethereal glow, menacing undead spirits. majestic, epic, imposing, high-tier legendary design. detailed fantasy trading-card-game spell icon, single bold focal magical symbol, abstract no characters, dramatic lighting, rich color, clean uncluttered background, collectible card art."
power-stasis-field,Stasis Field,universal,power,2,2,"Spell icon for a card game ability. Visual cue: Stun an enemy unit: it skips its next attack. neutral faction, pragmatic versatile mercenary aesthetic. mid-tier design, solid and functional. detailed fantasy trading-card-game spell icon, single bold focal magical symbol, abstract no characters, dramatic lighting, rich color, clean uncluttered background, collectible card art."
power-terror-raid,Terror Raid,universal,power,2,2,"Spell icon for a card game ability. Visual cue: Terrorize the enemy: they discard 2 random cards. neutral faction, pragmatic versatile mercenary aesthetic. mid-tier design, solid and functional. detailed fantasy trading-card-game spell icon, single bold focal magical symbol, abstract no characters, dramatic lighting, rich color, clean uncluttered background, collectible card art."
universal-demolition-volunteer,Demolition Volunteer,universal,unit,1,2,"Card character: Demolition Volunteer. Visual cue: A packed charge that grows stronger with every ally beside it. neutral faction, pragmatic versatile mercenary aesthetic. simple, common, low-tier design, small and humble. stats 3/2. detailed fantasy trading-card-game illustration, portrait orientation, centered subject, dramatic cinematic lighting, rich saturated color, clean uncluttered background, collectible card art."
universal-drill-sergeant,Drill Sergeant,universal,unit,1,1,"Card character: Drill Sergeant. Visual cue: Hurls a rallying order the moment they take the field: +1 attack to itself. neutral faction, pragmatic versatile mercenary aesthetic. simple, common, low-tier design, small and humble. stats 1/3. detailed fantasy trading-card-game illustration, portrait orientation, centered subject, dramatic cinematic lighting, rich saturated color, clean uncluttered background, collectible card art."
antlion-tunnel-harrier,Tunnel Harrier,antlion,unit,1,1,"Card character: Tunnel Harrier. Visual cue: Rushes from the burrow to sap its prey's strength on impact: -1 ATK to the enemy unit. alien insectoid faction, grotesque chitinous scorpion-like creatures, bioluminescent amber accents, desert biome. simple, common, low-tier design, small and humble. stats 2/1. detailed fantasy trading-card-game illustration, portrait orientation, centered subject, dramatic cinematic lighting, rich saturated color, clean uncluttered background, collectible card art."
antlion-chitin-skirmisher,Chitin Skirmisher,antlion,unit,2,3,"Card character: Chitin Skirmisher. Visual cue: A hardened raider that cracks its prey on impact: -2 ATK to the enemy unit. alien insectoid faction, grotesque chitinous scorpion-like creatures, bioluminescent amber accents, desert biome. mid-tier design, solid and functional. stats 3/2. detailed fantasy trading-card-game illustration, portrait orientation, centered subject, dramatic cinematic lighting, rich saturated color, clean uncluttered background, collectible card art."
antlion-nectar-swarm,Nectar Swarm,antlion,unit,1,2,"Card character: Nectar Swarm. Visual cue: A chattering cloud that swells with every ally nearby. alien insectoid faction, grotesque chitinous scorpion-like creatures, bioluminescent amber accents, desert biome. simple, common, low-tier design, small and humble. stats 2/2. detailed fantasy trading-card-game illustration, portrait orientation, centered subject, dramatic cinematic lighting, rich saturated color, clean uncluttered background, collectible card art."
combine-riot-marshal,Metro Riot Marshal,combine,unit,2,4,"Card character: Metro Riot Marshal. Visual cue: Calls in reinforcements the instant they take command: draw 1. dystopian authoritarian sci-fi faction, mechanized dark-metal tactical soldiers, orange energy glow, corporate-military. mid-tier design, solid and functional. stats 4/3. detailed fantasy trading-card-game illustration, portrait orientation, centered subject, dramatic cinematic lighting, rich saturated color, clean uncluttered background, collectible card art."
combine-metro-bouncer,Metro Bouncer,combine,unit,3,5,"Card character: Metro Bouncer. Visual cue: Ejects the chosen enemy unit back into its owner's hand. dystopian authoritarian sci-fi faction, mechanized dark-metal tactical soldiers, orange energy glow, corporate-military. majestic, epic, imposing, high-tier legendary design. stats 4/4. detailed fantasy trading-card-game illustration, portrait orientation, centered subject, dramatic cinematic lighting, rich saturated color, clean uncluttered background, collectible card art."
rebel-propaganda-runner,Propaganda Runner,rebel,unit,1,2,"Card character: Propaganda Runner. Visual cue: Broadcasts a defiant message that stings the enemy hero: 1 hero damage on play. gritty human guerrilla faction, modern military fatigues, ragged bandanas, urban resistance fighters. simple, common, low-tier design, small and humble. stats 2/3. detailed fantasy trading-card-game illustration, portrait orientation, centered subject, dramatic cinematic lighting, rich saturated color, clean uncluttered background, collectible card art."
rebel-wrench-tinker,Wrench Tinker,rebel,unit,2,3,"Card character: Wrench Tinker. Visual cue: When it destroys an enemy unit in combat, it scrambles a spare part into your hand: draw 1. gritty human guerrilla faction, modern military fatigues, ragged bandanas, urban resistance fighters. mid-tier design, solid and functional. stats 2/3. detailed fantasy trading-card-game illustration, portrait orientation, centered subject, dramatic cinematic lighting, rich saturated color, clean uncluttered background, collectible card art."
zombie-rotting-warden,Rotting Warden,zombie,unit,2,3,"Card character: Rotting Warden. Visual cue: Coats its target in festering rot: 2 damage at the start of each of its owner's next 2 turns. undead plague faction, rotting putrefied zombies, tattered flesh, sickly green necrotic glow. mid-tier design, solid and functional. stats 2/4. detailed fantasy trading-card-game illustration, portrait orientation, centered subject, dramatic cinematic lighting, rich saturated color, clean uncluttered background, collectible card art."
zombie-plague-bearer,Spore Carrier,zombie,unit,2,4,"Card character: Spore Carrier. Visual cue: Releases a virulent spore that poisons its target: 3 damage for 2 turns. undead plague faction, rotting putrefied zombies, tattered flesh, sickly green necrotic glow. mid-tier design, solid and functional. stats 3/4. detailed fantasy trading-card-game illustration, portrait orientation, centered subject, dramatic cinematic lighting, rich saturated color, clean uncluttered background, collectible card art."
wraith-phantom-harrier,Phantom Harrier,wraith,unit,1,2,"Card character: Phantom Harrier. Visual cue: Grasps its target in a chill that steals its next attack: stun 1. spectral wraith faction, ghostly dark wisps, cold blue-green ethereal glow, menacing undead spirits. simple, common, low-tier design, small and humble. stats 2/2. detailed fantasy trading-card-game illustration, portrait orientation, centered subject, dramatic cinematic lighting, rich saturated color, clean uncluttered background, collectible card art."
guardian-sacred-sentinel,Sacred Sentinel,guardian,unit,3,6,"Card character: Sacred Sentinel. Visual cue: Draws a halo of divine protection over its own frame. holy guardian faction, radiant golden stone armor, warm divine light, serene paladins and shrines. majestic, epic, imposing, high-tier legendary design. stats 4/6. detailed fantasy trading-card-game illustration, portrait orientation, centered subject, dramatic cinematic lighting, rich saturated color, clean uncluttered background, collectible card art."
